{
    "color": "green",
    "mean": [
        0.27064425770308137,
        0.48997198879551757,
        0.0471148459383753
    ],
    "covariance": [
        [
            0.00010185284685059022,
            0.00012415673856925553,
            2.072462972116953e-05
        ],
        [
            0.00012415673856925553,
            0.00018137314601885098,
            2.987861811391224e-05
        ],
        [
            2.072462972116953e-05,
            2.987861811391224e-05,
            2.0724629721169507e-05
        ]
    ]
}