{
    "color": "orange",
    "mean": [
        0.7823529411764704,
        0.2427450980392154,
        0.09671568627450966
    ],
    "covariance": [
        [
            0.0017122917670418878,
            0.0004781023851585807,
            0.0001694577061402869
        ],
        [
            0.0004781023851585807,
            0.00015713527903094728,
            6.25465376023827e-05
        ],
        [
            0.0001694577061402869,
            6.25465376023827e-05,
            3.852218474880643e-05
        ]
    ]
}