{
    "color": "purple",
    "mean": [
        0.1803921568627449,
        0.148515406162465,
        0.1314285714285714
    ],
    "covariance": [
        [
            5.616568878190664e-05,
            3.878107082560218e-05,
            2.1173573151909243e-05
        ],
        [
            3.878107082560218e-05,
            4.2312122348228897e-05,
            2.666278219159218e-05
        ],
        [
            2.1173573151909243e-05,
            2.666278219159218e-05,
            2.8859739405850447e-05
        ]
    ]
}