{
    "color": "red",
    "mean": [
        0.33113725490196094,
        0.06478431372549019,
        0.0236078431372549
    ],
    "covariance": [
        [
            0.00239290068968764,
            3.940713540318087e-05,
            -1.708605010631702e-05
        ],
        [
            3.940713540318087e-05,
            2.776953918822431e-05,
            1.3960093841458152e-05
        ],
        [
            -1.708605010631702e-05,
            1.3960093841458152e-05,
            1.8510933785278807e-05
        ]
    ]
}