{
    "color": "white",
    "mean": [
        0.8685771744595269,
        1.0089994972347909,
        0.4133232780291598
    ],
    "covariance": [
        [
            0.011688908297904838,
            0.0022031076702357,
            0.0008659801047344304
        ],
        [
            0.0022031076702357,
            0.001449236397333284,
            0.0005757743474006451
        ],
        [
            0.0008659801047344304,
            0.0005757743474006451,
            0.00024299934334536403
        ]
    ]
}