{
    "color": "yellow",
    "mean": [
        0.9693061840120658,
        0.7740321769733526,
        0.07332830568124671
    ],
    "covariance": [
        [
            0.007562185950622157,
            0.001614444911911146,
            7.343424890026063e-05
        ],
        [
            0.001614444911911146,
            0.003286545958495951,
            0.00027302408661935385
        ],
        [
            7.343424890026063e-05,
            0.00027302408661935385,
            4.5128027045651796e-05
        ]
    ]
}